{"delta_full_max": 0.0, "delta_pruned_max": 2.0, "delta_full_mean": 0.0, "kappa_full_mean": 0.012445680229267753, "kappa_pruned_mean": -0.05775481363724012, "n_nodes": 8183, "n_edges": 33651}